"hosts.ID","inf.by","inf.time","out.time","active","p_max","t_incub"
"H-1","unkown",0,NA,1,0.796139108740102,5.45338247146644
"H-10","H-4",13,15,0,0.980235975603909,6.66640596522101
"H-100","H-14",25,NA,1,0.292963716404069,4.97519975423222
"H-1000","H-296",35,NA,1,0.689619354477856,1.30852081936439
"H-1001","H-297",35,NA,1,0.8694003757514,6.1353172803265
"H-1002","H-3",35,NA,1,0.894500031359303,4.62384252782002
"H-1003","H-30",35,NA,1,0.618587635986806,4.99444337192389
"H-1004","H-300",35,NA,1,0.704851872915359,5.2409719246168
"H-1005","H-302",35,NA,1,0.618103145306931,4.71633427432679
"H-1006","H-304",35,NA,1,0.5369584669142,4.90361003062201
"H-1007","H-307",35,NA,1,0.848622005846186,4.42383218128796
"H-1008","H-309",35,NA,1,0.655647476815755,3.61292157704794
"H-1009","H-310",35,NA,1,0.658277474577948,4.62852815303109
"H-101","H-15",25,NA,1,0.818434657894857,5.78732485417573
"H-1010","H-311",35,NA,1,0.722401258546414,6.76831041613599
"H-1011","H-313",35,NA,1,0.858926821569504,5.70970635967775
"H-1012","H-314",35,NA,1,0.896148662803683,6.06440892274738
"H-1013","H-319",35,NA,1,0.784633636407319,5.85228372893482
"H-1014","H-32",35,NA,1,0.915564176616206,6.20800328392282
"H-1015","H-320",35,NA,1,0.630211408747447,4.87385751844176
"H-1016","H-326",35,NA,1,0.807450212196326,3.66296419038881
"H-1017","H-327",35,NA,1,0.693469221898306,4.00170159483164
"H-1018","H-328",35,NA,1,0.89630067178304,7.2017485565236
"H-1019","H-329",35,NA,1,0.954353998442596,6.448317687995
"H-102","H-16",25,NA,1,0.771360235337821,5.65296468795879
"H-1020","H-33",35,NA,1,0.643417443471134,4.81458558701097
"H-1021","H-336",35,NA,1,0.396226859144459,5.67570106864581
"H-1022","H-34",35,NA,1,0.727886601192934,4.51617499223312
"H-1023","H-340",35,NA,1,0.983866666724578,5.8938240386235
"H-1024","H-346",35,NA,1,0.722516075412244,4.56665340475581
"H-1025","H-35",35,NA,1,0.58837762968202,6.14810230136738
"H-1026","H-352",35,NA,1,0.610214171828279,3.45520687541492
"H-1027","H-354",35,NA,1,0.805604096323858,4.14914877098217
"H-1028","H-36",35,NA,1,0.902533917543946,4.06502562221077
"H-1029","H-362",35,NA,1,0.522281164197174,5.52109200267367
"H-103","H-17",25,NA,1,0.914668643227894,3.86480096606423
"H-1030","H-37",35,NA,1,0.544309106099593,4.72990615158566
"H-1031","H-371",35,NA,1,0.869876074240301,4.61323873013599
"H-1032","H-378",35,NA,1,0.647242708426908,6.50148007066947
"H-1033","H-38",35,NA,1,0.630295098938474,4.6246105809956
"H-1034","H-387",35,NA,1,0.926512051003928,7.07501890320654
"H-1035","H-388",35,NA,1,0.178696799408356,4.76635599999267
"H-1036","H-39",35,NA,1,0.714922108459564,4.82630458797648
"H-1037","H-390",35,NA,1,0.671529423804123,4.3260915095093
"H-1038","H-396",35,NA,1,0.688570242646173,5.10943616292401
"H-1039","H-40",35,NA,1,0.851452441288053,4.10157767002472
"H-104","H-18",25,NA,1,0.48457615040482,4.6187126347781
"H-1040","H-41",35,NA,1,0.642682033632115,5.35173340637504
"H-1041","H-42",35,NA,1,0.890790294926673,4.64843188049598
"H-1042","H-423",35,NA,1,0.879178126258104,4.54456292375447
"H-1043","H-427",35,NA,1,0.560971529247933,5.10538302908785
"H-1044","H-43",35,NA,1,0.924218150179836,4.30715495590091
"H-1045","H-437",35,NA,1,0.582628935592623,5.6580186174479
"H-1046","H-456",35,NA,1,0.62347189015535,5.96970663581303
"H-1047","H-46",35,NA,1,0.8815360423728,5.83578834583178
"H-1048","H-480",35,NA,1,0.28982333035181,6.17799271062529
"H-1049","H-49",35,NA,1,0.752421242331745,6.852663276948
"H-105","H-19",25,NA,1,0.637223697460872,5.60313616062612
"H-1050","H-50",35,NA,1,0.711411035360651,5.63312223207565
"H-1051","H-51",35,NA,1,0.877417730627534,4.64749762825826
"H-1052","H-55",35,NA,1,0.74110908712861,5.25254184661942
"H-1053","H-56",35,NA,1,0.946143312923952,2.99255858700515
"H-1054","H-58",35,NA,1,0.574736140789141,5.60623915259468
"H-1055","H-6",35,NA,1,0.782765577252436,6.46880313346453
"H-1056","H-60",35,NA,1,0.837005285153448,4.67392828212234
"H-1057","H-62",35,NA,1,0.72981563213279,4.77442925352088
"H-1058","H-63",35,NA,1,0.721676429021763,5.99670592347817
"H-1059","H-64",35,NA,1,0.834577544138257,4.96204281019141
"H-106","H-20",25,NA,1,0.761323135161667,6.01498838817038
"H-1060","H-66",35,NA,1,0.715974640631176,7.60504108181782
"H-1061","H-67",35,NA,1,0.774781026643519,5.4142492335843
"H-1062","H-68",35,NA,1,0.724719495785358,5.9405980274546
"H-1063","H-70",35,NA,1,0.685192282742801,6.70804820571201
"H-1064","H-71",35,NA,1,0.821839967549252,6.08099840526587
"H-1065","H-73",35,NA,1,0.766089482392272,5.74791393922456
"H-1066","H-74",35,NA,1,0.602448186813692,4.3847699277992
"H-1067","H-75",35,NA,1,0.891784904904452,5.45367200710485
"H-1068","H-76",35,NA,1,0.67947278952057,5.07329519466694
"H-1069","H-77",35,NA,1,0.87439369340452,5.36123286133394
"H-107","H-21",25,NA,1,0.939137604959964,6.3951201834257
"H-1070","H-78",35,NA,1,0.576308544420407,5.36411148049013
"H-1071","H-8",35,NA,1,0.598247851765091,4.98133832063848
"H-1072","H-80",35,NA,1,0.849142622139458,5.97741176164109
"H-1073","H-83",35,NA,1,0.681175838982332,5.63618973950785
"H-1074","H-84",35,NA,1,0.701546355613168,5.25928607835664
"H-1075","H-85",35,NA,1,0.540080101348066,3.85334666343262
"H-1076","H-87",35,NA,1,0.598344568080389,4.85818769210479
"H-1077","H-89",35,NA,1,0.947426283416488,4.86689944999038
"H-1078","H-90",35,NA,1,0.705766721413557,4.23949267610903
"H-1079","H-91",35,NA,1,0.569603301844881,4.93401878292117
"H-108","H-23",25,NA,1,0.911891088887161,5.50620427998939
"H-1080","H-93",35,NA,1,0.792785290982777,7.19608921716286
"H-1081","H-95",35,NA,1,0.858884518123862,5.09121627484914
"H-1082","H-97",35,NA,1,0.918415099061068,5.69322280248546
"H-109","H-24",25,NA,1,0.763033323533651,5.34967950662304
"H-11","H-2",14,NA,1,0.788475735419753,7.31731924269258
"H-110","H-25",25,NA,1,0.852889134643458,2.5611774267109
"H-111","H-26",25,NA,1,0.973941229940001,4.6297707546126
"H-112","H-27",25,NA,1,0.761792707374088,5.36740272728631
"H-113","H-29",25,NA,1,0.606092429249437,5.71043005273852
"H-114","H-3",25,NA,1,0.828530394125572,5.43026576077822
"H-115","H-31",25,NA,1,0.601150160499781,6.0172847426696
"H-116","H-32",25,NA,1,0.311523832863561,5.51089662530982
"H-117","H-33",25,NA,1,0.823236966525797,4.6860797818759
"H-118","H-34",25,30,0,0.695126369149445,5.43875446287087
"H-119","H-35",25,31,0,0.734522337147688,3.86852714985752
"H-12","H-4",14,NA,1,0.863234687666257,5.03554631338221
"H-120","H-37",25,NA,1,0.744571640240186,3.37893688236349
"H-121","H-41",25,NA,1,0.826671023761174,5.08139121709756
"H-122","H-6",25,NA,1,0.709694865472741,4.19200204184728
"H-123","H-9",25,NA,1,0.757619526041088,4.8077977126884
"H-124","H-1",26,NA,1,0.266772605156348,4.46937997093996
"H-125","H-11",26,NA,1,0.88413936876412,3.31652594772389
"H-126","H-12",26,NA,1,0.528578607388318,2.31956048068943
"H-127","H-14",26,NA,1,0.709572750909175,6.98597707962424
"H-128","H-15",26,NA,1,0.720005834205301,3.11876780249756
"H-129","H-16",26,NA,1,0.872613781938816,4.74868170288446
"H-13","H-1",15,24,0,0.606946428527361,5.82306573303764
"H-130","H-18",26,NA,1,0.448522946177842,6.06412217169269
"H-131","H-19",26,NA,1,0.694525333596892,7.03205771774657
"H-132","H-20",26,NA,1,0.966716477769977,5.53994517245222
"H-133","H-23",26,NA,1,0.705404071314302,3.81286842837352
"H-134","H-26",26,NA,1,0.623008252565258,4.28469662126188
"H-135","H-27",26,NA,1,0.597022841633789,5.24122980547788
"H-136","H-28",26,NA,1,0.783588863187336,4.97525473454862
"H-137","H-29",26,NA,1,0.883143143430057,3.60291537828779
"H-138","H-3",26,NA,1,0.761845149266765,4.25453941319748
"H-139","H-30",26,NA,1,0.664456487771384,4.59875300062959
"H-14","H-3",15,NA,1,0.973098965506642,5.71934634686404
"H-140","H-32",26,NA,1,0.53546212368985,4.8185088366074
"H-141","H-33",26,NA,1,0.656997345646847,5.30419888247134
"H-142","H-34",26,NA,1,0.822394267465436,4.13682682309536
"H-143","H-35",26,NA,1,0.682769284032612,5.48937098697604
"H-144","H-36",26,NA,1,0.746053694101275,5.16606342091664
"H-145","H-37",26,NA,1,0.532335540649167,3.7402188742202
"H-146","H-39",26,NA,1,0.778907102904481,5.13783844942888
"H-147","H-41",26,NA,1,0.523467094039872,5.86178306637517
"H-148","H-43",26,NA,1,0.826434148208269,3.3671411460229
"H-149","H-6",26,NA,1,0.882096744690614,5.05256700740428
"H-15","H-4",15,NA,1,0.820974409972655,4.85040255297842
"H-150","H-8",26,NA,1,0.641173016498602,5.97267523021582
"H-151","H-1",27,NA,1,0.776431417632992,6.71410317169872
"H-152","H-11",27,NA,1,0.787751565734157,5.93936483251549
"H-153","H-12",27,NA,1,0.570166050749106,4.65555414132845
"H-154","H-14",27,NA,1,0.605711965939813,5.82649520444413
"H-155","H-15",27,NA,1,0.811231096794927,4.38812494871103
"H-156","H-16",27,NA,1,0.769608523005996,5.36797148757595
"H-157","H-17",27,NA,1,0.731564950728955,5.17139521762104
"H-158","H-19",27,30,0,0.46294955763588,6.79505336166552
"H-159","H-20",27,NA,1,0.763922866060766,6.20613195727702
"H-16","H-3",16,NA,1,0.649296746616259,3.38803364986557
"H-160","H-22",27,29,0,0.89642121369672,4.61751664667862
"H-161","H-23",27,NA,1,0.751778710225771,3.61971711939412
"H-162","H-24",27,NA,1,0.688850417878228,2.51453033864139
"H-163","H-26",27,NA,1,0.865119993690429,5.35232033814848
"H-164","H-27",27,NA,1,0.391126330470265,4.53099223000295
"H-165","H-28",27,NA,1,0.689023373236337,4.87513529360919
"H-166","H-29",27,28,0,0.748014154915573,5.05976654978336
"H-167","H-3",27,NA,1,0.490688228763711,5.92281820406704
"H-168","H-30",27,NA,1,0.473703467519749,6.29488785243108
"H-169","H-31",27,31,0,0.410186232224585,5.38568042278874
"H-17","H-4",16,NA,1,0.838091209695288,4.37875122720398
"H-170","H-33",27,NA,1,0.803117793424569,3.83636925509987
"H-171","H-34",27,NA,1,0.814021676444223,5.42841026262225
"H-172","H-35",27,NA,1,0.726687422879031,4.35994934921766
"H-173","H-36",27,NA,1,0.484598695543807,5.75576018803429
"H-174","H-37",27,NA,1,0.943379995697877,6.06873122654587
"H-175","H-38",27,NA,1,0.48443709853536,3.9947732948942
"H-176","H-39",27,NA,1,0.974477880089186,6.51170263198284
"H-177","H-4",27,NA,1,0.893847480256515,5.75894263024984
"H-178","H-41",27,NA,1,0.674070155310992,6.9904935478891
"H-179","H-42",27,NA,1,0.839738481652199,4.66460164372196
"H-18","H-6",16,NA,1,0.474449542166526,5.51249559931913
"H-180","H-43",27,NA,1,0.356200104683408,4.99684394193982
"H-181","H-45",27,NA,1,0.607281597620316,2.92971541764026
"H-182","H-46",27,NA,1,0.743624382745429,3.74753338192509
"H-183","H-47",27,NA,1,0.334953728090583,6.86928210178424
"H-184","H-49",27,NA,1,0.538128077785772,4.56251896129858
"H-185","H-50",27,NA,1,0.745599388478785,5.73199265242127
"H-186","H-55",27,NA,1,0.900391864841884,4.21047256205006
"H-187","H-57",27,NA,1,0.898556932271038,5.69494505156917
"H-188","H-6",27,28,0,0.799623773308428,5.1704030854731
"H-189","H-66",27,NA,1,0.816491406031458,5.93857785065385
"H-19","H-3",17,NA,1,0.935199651547576,6.13708181872162
"H-190","H-7",27,NA,1,0.84554964010897,5.34826600218654
"H-191","H-1",28,NA,1,0.688950261581714,4.81171455898474
"H-192","H-110",28,NA,1,0.99132228239849,4.18780876058961
"H-193","H-14",28,NA,1,0.436594354071257,4.69629931808056
"H-194","H-15",28,NA,1,0.659031742760174,5.44575409785835
"H-195","H-16",28,NA,1,0.563058274696821,5.71417866596102
"H-196","H-17",28,NA,1,0.430099555932082,5.40115883078101
"H-197","H-19",28,NA,1,0.910438658567373,6.95345941757553
"H-198","H-20",28,NA,1,0.784446134774174,6.29718693523428
"H-199","H-25",28,NA,1,0.718381099206942,5.81626103401567
"H-2","H-1",6,15,0,0.83137627643963,5.11751362624289
"H-20","H-5",17,NA,1,0.815160063670222,5.6376204107728
"H-200","H-26",28,NA,1,0.676917159971096,3.80180120622198
"H-201","H-27",28,32,0,0.385905191765675,5.33709217086122
"H-202","H-28",28,NA,1,0.577488303791263,6.14798519818337
"H-203","H-29",28,NA,1,0.783990411875929,5.69165001555342
"H-204","H-30",28,NA,1,0.804292442675652,3.28009798289177
"H-205","H-31",28,NA,1,0.306559277457047,4.01357657260032
"H-206","H-34",28,NA,1,0.798576527619209,5.10574216148581
"H-207","H-35",28,NA,1,0.779637319214904,4.88652744316158
"H-208","H-36",28,NA,1,0.880797438377401,4.51001146512009
"H-209","H-37",28,NA,1,0.857034918939111,5.0139205911476
"H-21","H-6",17,26,0,0.892298974002549,4.27391524263648
"H-210","H-38",28,NA,1,0.809851134437655,5.31748081600801
"H-211","H-40",28,NA,1,0.784041796533129,4.95925388840183
"H-212","H-41",28,NA,1,0.911933567835467,4.91061424117986
"H-213","H-42",28,NA,1,0.825333451182688,4.92736568387622
"H-214","H-43",28,NA,1,0.703841575498111,5.473046334552
"H-215","H-45",28,NA,1,0.59715726165575,3.08216386761273
"H-216","H-46",28,NA,1,0.879119000774279,3.63652448795816
"H-217","H-47",28,NA,1,0.601087449133421,5.82957149984998
"H-218","H-49",28,NA,1,0.52693281085029,4.00845956727482
"H-219","H-5",28,NA,1,0.818283477548483,6.8537266605109
"H-22","H-1",18,NA,1,0.48331247851662,3.55967156540548
"H-220","H-50",28,NA,1,0.96097061316963,5.08594558687112
"H-221","H-51",28,NA,1,0.623783876157289,4.68941799241968
"H-222","H-57",28,NA,1,0.774876590571271,4.70914703036392
"H-223","H-58",28,NA,1,0.679284143379213,7.52201847786278
"H-224","H-59",28,NA,1,0.624501603161394,6.79400984756372
"H-225","H-66",28,NA,1,0.503876647171749,5.00994852775316
"H-226","H-9",28,NA,1,0.810642574640862,4.34197681981167
"H-227","H-96",28,NA,1,0.929515410465512,4.74832538662456
"H-228","H-97",28,NA,1,0.748337782648773,4.85145791192402
"H-229","H-103",29,NA,1,0.74302417765419,4.04003476069508
"H-23","H-3",18,29,0,0.721252170551191,4.09230344845468
"H-230","H-110",29,NA,1,0.848324588681093,4.75099129038495
"H-231","H-119",29,NA,1,0.667486737709983,5.15694465219979
"H-232","H-12",29,NA,1,0.462925329624355,5.76810959916736
"H-233","H-126",29,NA,1,0.842495484677005,5.04083622266746
"H-234","H-14",29,NA,1,0.716665839964644,4.91251278938023
"H-235","H-15",29,NA,1,0.855988271282311,5.66801518960099
"H-236","H-16",29,NA,1,0.745205663522863,3.58344240979587
"H-237","H-17",29,NA,1,0.755566482224265,5.50571330544177
"H-238","H-19",29,NA,1,0.51746506772762,6.85321141914168
"H-239","H-20",29,NA,1,0.795644051410466,6.0936550321305
"H-24","H-4",18,NA,1,0.769130199548043,5.63330318948666
"H-240","H-24",29,NA,1,0.841249107789174,5.62163139630346
"H-241","H-25",29,NA,1,0.894651624360625,4.64400919244339
"H-242","H-26",29,NA,1,0.801525739783328,3.34238204060452
"H-243","H-27",29,NA,1,0.797405863370975,4.303803413901
"H-244","H-28",29,35,0,0.516154577288415,4.82268408905157
"H-245","H-29",29,NA,1,0.767707054146339,3.61615520370079
"H-246","H-3",29,NA,1,0.807634790979494,5.60148104554819
"H-247","H-33",29,NA,1,0.888954818305206,3.37026982502551
"H-248","H-34",29,NA,1,0.838411990560445,4.49784181146351
"H-249","H-36",29,NA,1,0.589068939143365,4.0821005096597
"H-25","H-5",18,NA,1,0.57644787833141,4.11955142661064
"H-250","H-38",29,NA,1,0.518107601545438,5.10809352779801
"H-251","H-41",29,NA,1,0.780397492327979,4.13968044979412
"H-252","H-42",29,NA,1,0.811728315343524,3.42140498118105
"H-253","H-45",29,NA,1,0.784333997186065,6.02849924241855
"H-254","H-47",29,NA,1,0.894977436393033,4.36579360294685
"H-255","H-49",29,NA,1,0.901030707395731,5.48515823064523
"H-256","H-50",29,NA,1,0.77832181973036,7.57243286674123
"H-257","H-51",29,NA,1,0.503622770374316,3.92003460894375
"H-258","H-52",29,NA,1,0.44931825706275,5.31522882381991
"H-259","H-53",29,NA,1,0.283717407638744,4.8177897476859
"H-26","H-6",18,32,0,0.934490140300054,5.91088858806584
"H-260","H-54",29,NA,1,0.996179808820797,5.80847864966578
"H-261","H-55",29,NA,1,0.816926672176199,4.00368323710074
"H-262","H-58",29,NA,1,0.77929152398896,5.22079775038194
"H-263","H-59",29,NA,1,0.787826873166013,5.16091560717878
"H-264","H-61",29,NA,1,0.898131406876647,6.55530480304439
"H-265","H-62",29,NA,1,0.86209062254001,4.91024060837565
"H-266","H-63",29,NA,1,0.669527898453998,3.29379755184172
"H-267","H-66",29,NA,1,0.376449344034837,4.58425672136645
"H-268","H-68",29,NA,1,0.69526216724611,5.31631536545354
"H-269","H-69",29,NA,1,0.8018725156661,4.65597244599106
"H-27","H-1",19,NA,1,0.818677263746859,4.45968482062246
"H-270","H-7",29,NA,1,0.672651434827441,5.87742306644113
"H-271","H-71",29,NA,1,0.687937093162885,4.45076366272715
"H-272","H-73",29,NA,1,0.732124407499152,5.2241144680311
"H-273","H-77",29,NA,1,0.801679687991348,4.88286232015921
"H-274","H-78",29,NA,1,0.754304666112933,3.56609680122461
"H-275","H-8",29,NA,1,0.566663689869398,3.057552392882
"H-276","H-80",29,NA,1,0.763820806245424,4.78999046072546
"H-277","H-81",29,NA,1,0.548195503462066,4.61055070774986
"H-278","H-82",29,NA,1,0.2349725018279,4.88537159915665
"H-279","H-89",29,NA,1,0.877289953578919,5.4510670866495
"H-28","H-3",19,NA,1,0.93463688343249,3.01345574576588
"H-280","H-95",29,NA,1,0.946511464976647,4.71389795949196
"H-281","H-96",29,35,0,0.820432461044874,4.10446381376916
"H-282","H-97",29,NA,1,0.750168961286849,5.35986256985029
"H-283","H-1",30,NA,1,0.891329889300267,5.44894284150652
"H-284","H-103",30,NA,1,0.936657986233766,7.04213526603268
"H-285","H-104",30,NA,1,0.670334991380986,5.45745614105648
"H-286","H-11",30,NA,1,0.911923682169902,6.11452972001353
"H-287","H-110",30,NA,1,0.836455039925683,3.77944569338189
"H-288","H-111",30,NA,1,0.628128441683157,5.74042274313904
"H-289","H-117",30,NA,1,0.570266881813695,4.58220945072432
"H-29","H-4",19,NA,1,0.839640906552112,4.48730896693186
"H-290","H-12",30,NA,1,0.660496361083969,5.46293633628414
"H-291","H-120",30,NA,1,0.720334449816706,5.98987028949
"H-292","H-122",30,NA,1,0.990333217733555,4.85651992925952
"H-293","H-123",30,NA,1,0.863188945920956,5.2931446979566
"H-294","H-125",30,NA,1,0.775747340985282,3.42887027552258
"H-295","H-128",30,NA,1,0.845080009961318,4.92746657966997
"H-296","H-137",30,NA,1,0.934507854049224,3.60866891583496
"H-297","H-14",30,NA,1,0.953776133201153,3.54770224641905
"H-298","H-145",30,NA,1,0.804593606958388,3.78412486373431
"H-299","H-148",30,NA,1,0.749466275858417,5.04544996215493
"H-3","H-1",7,NA,1,0.697237066142602,5.00368636093187
"H-30","H-6",19,NA,1,0.761546624047792,6.01300567086812
"H-300","H-16",30,NA,1,0.753460743564739,4.68738261246767
"H-301","H-162",30,NA,1,0.467281763585128,4.40163520258872
"H-302","H-17",30,NA,1,0.796923248308271,4.64873799875496
"H-303","H-18",30,NA,1,0.798953186497427,6.32439657764155
"H-304","H-181",30,NA,1,0.946013050780491,4.35175271491863
"H-305","H-19",30,NA,1,0.612472090711311,4.70828598663265
"H-306","H-20",30,33,0,0.734162193335313,4.59964534189277
"H-307","H-24",30,NA,1,0.801798122833531,4.97849809799815
"H-308","H-26",30,NA,1,0.654842904681984,5.16044031339324
"H-309","H-27",30,NA,1,0.789311603122024,4.62970590418057
"H-31","H-7",19,NA,1,0.491048181807307,4.46665738882503
"H-310","H-28",30,NA,1,0.788235464841555,4.63596132125385
"H-311","H-29",30,NA,1,0.783880634351095,3.67836294049758
"H-312","H-3",30,NA,1,0.777877904103417,5.79565966108627
"H-313","H-32",30,NA,1,0.522858932238178,4.9224134242017
"H-314","H-33",30,NA,1,0.849693940290215,4.77820954090448
"H-315","H-35",30,NA,1,0.618264434132016,5.34607093887117
"H-316","H-36",30,NA,1,0.881764919392731,5.01805576057899
"H-317","H-37",30,NA,1,0.763034674933196,5.13017472047245
"H-318","H-39",30,NA,1,0.818087425031169,5.32242506266312
"H-319","H-4",30,NA,1,0.698757458925449,4.96506380754276
"H-32","H-8",19,NA,1,0.73258014935717,4.35606839259755
"H-320","H-40",30,NA,1,0.681189266512668,4.55249667336862
"H-321","H-41",30,NA,1,0.642567684852146,6.60774251289401
"H-322","H-42",30,35,0,0.701853924218103,3.96174414805216
"H-323","H-43",30,NA,1,0.746626749573981,5.99398901486876
"H-324","H-49",30,NA,1,0.273608223834643,3.18177296444152
"H-325","H-51",30,NA,1,0.820743249138576,6.17085751251012
"H-326","H-52",30,NA,1,0.590893732819968,4.76188245125982
"H-327","H-53",30,NA,1,0.813065810578345,4.16724556483889
"H-328","H-55",30,NA,1,0.897887145008972,4.96465270830676
"H-329","H-56",30,NA,1,0.882112527082415,4.41351322141156
"H-33","H-1",20,NA,1,0.537299842519757,4.87819043255401
"H-330","H-57",30,NA,1,0.62023598567071,3.68089098878754
"H-331","H-58",30,NA,1,0.720136842285916,4.60891741928979
"H-332","H-6",30,NA,1,0.810514007811755,5.41727350350493
"H-333","H-60",30,NA,1,0.766770750578695,5.23079584976946
"H-334","H-61",30,NA,1,0.658189321054681,3.82847122506905
"H-335","H-62",30,NA,1,0.773389342384957,6.38735875796019
"H-336","H-63",30,NA,1,0.679078486015906,3.55363634781447
"H-337","H-64",30,NA,1,0.913355859256661,5.09744286251768
"H-338","H-65",30,NA,1,0.821910895815494,5.99342345969456
"H-339","H-66",30,NA,1,0.598628490920021,4.25346705184191
"H-34","H-12",20,NA,1,0.823687250433546,4.5792051836749
"H-340","H-67",30,NA,1,0.880758769215356,4.45597539271746
"H-341","H-68",30,NA,1,0.858775980596881,4.00285215369371
"H-342","H-69",30,NA,1,0.586923748820485,6.06114538670329
"H-343","H-7",30,NA,1,0.842076784573155,5.18100425157938
"H-344","H-73",30,NA,1,0.772014365771645,7.15424654141381
"H-345","H-74",30,NA,1,0.549845563617991,5.70259749908581
"H-346","H-75",30,NA,1,0.654096950682175,4.68568085119137
"H-347","H-78",30,NA,1,0.659261886325649,5.56895570071536
"H-348","H-79",30,NA,1,0.51339907149974,4.51186532408379
"H-349","H-8",30,NA,1,0.388646206527447,3.78067011978841
"H-35","H-15",20,NA,1,0.875282970412758,3.68891467397793
"H-350","H-80",30,NA,1,0.816936355665436,5.67660866311219
"H-351","H-82",30,NA,1,0.630604367657686,5.22955140773977
"H-352","H-86",30,NA,1,0.822043791996639,3.97085756664484
"H-353","H-87",30,NA,1,0.560258882460185,5.01400962987586
"H-354","H-88",30,NA,1,0.714432002707075,4.5830826302277
"H-355","H-89",30,NA,1,0.684824875137241,3.88036283364865
"H-356","H-92",30,NA,1,0.737515606939878,6.69425933589145
"H-357","H-93",30,NA,1,0.782523189694965,5.89612127665921
"H-358","H-96",30,NA,1,0.565144017722877,5.28399339992443
"H-359","H-97",30,NA,1,0.613764483671766,6.7733890882688
"H-36","H-3",20,NA,1,0.742568093507341,5.50731296198355
"H-360","H-101",31,NA,1,0.447740222249797,7.47819690117189
"H-361","H-102",31,NA,1,0.959199485279162,5.85317334933914
"H-362","H-103",31,NA,1,0.52085363133439,3.50969499850736
"H-363","H-104",31,NA,1,0.750145097854497,5.00815487307275
"H-364","H-108",31,NA,1,0.729859055288565,5.45641738921793
"H-365","H-109",31,NA,1,0.832951706408617,5.3640330667438
"H-366","H-11",31,NA,1,0.574341400119892,4.81609638573844
"H-367","H-110",31,NA,1,0.723473923945058,5.59860464787955
"H-368","H-111",31,NA,1,0.657043209993242,6.34745641604324
"H-369","H-112",31,NA,1,0.701016416485294,4.95219152114673
"H-37","H-4",20,NA,1,0.938546711106177,4.38277347748582
"H-370","H-117",31,NA,1,0.782186993918406,6.3557907694858
"H-371","H-12",31,NA,1,0.502460223841177,3.33955021214915
"H-372","H-120",31,NA,1,0.855379796532816,6.39924627928106
"H-373","H-121",31,NA,1,0.68297251389809,4.40022483784503
"H-374","H-122",31,NA,1,0.796500799749732,4.61825614523993
"H-375","H-123",31,NA,1,0.674123160134817,5.60198270649602
"H-376","H-125",31,NA,1,0.85433834299376,4.69378375452259
"H-377","H-128",31,NA,1,0.264239942226449,5.17341390178166
"H-378","H-129",31,NA,1,0.964026548866204,3.54554503098807
"H-379","H-133",31,NA,1,0.97006463496453,3.20989481151084
"H-38","H-6",20,NA,1,0.717859824803089,5.08635612243782
"H-380","H-134",31,NA,1,0.766651973578391,5.09716771084763
"H-381","H-136",31,NA,1,0.581427326416933,5.28636590755889
"H-382","H-137",31,NA,1,0.413082508491217,5.79634497734353
"H-383","H-138",31,NA,1,0.55943776251277,5.23848272814639
"H-384","H-14",31,NA,1,0.528899163634075,7.01779597231166
"H-385","H-140",31,NA,1,0.786701863955379,6.32971600779565
"H-386","H-142",31,NA,1,0.661547864218138,5.08934825965455
"H-387","H-145",31,NA,1,0.996680892951461,3.10947801840392
"H-388","H-15",31,NA,1,0.67585233389053,3.57414349764022
"H-389","H-162",31,34,0,0.720244850905402,5.80180929936291
"H-39","H-7",20,NA,1,0.682253598237073,3.88634730076719
"H-390","H-17",31,NA,1,0.803941652606865,3.82810975897583
"H-391","H-170",31,NA,1,0.75362993987165,5.1954925608349
"H-392","H-175",31,NA,1,0.619938554324456,3.81096067391651
"H-393","H-181",31,NA,1,0.513287751838421,4.86494708269125
"H-394","H-19",31,NA,1,0.734502324919632,5.23826995373812
"H-395","H-20",31,NA,1,0.342141621658554,6.34532360249594
"H-396","H-22",31,NA,1,0.947009794255345,3.87377085718695
"H-397","H-24",31,NA,1,0.872840266274774,4.74557416798362
"H-398","H-25",31,NA,1,0.839600508552277,4.74421322939226
"H-399","H-26",31,NA,1,0.782172056031492,4.74358932690541
"H-4","H-1",8,NA,1,0.517945081730403,4.96458929021994
"H-40","H-8",20,NA,1,0.809851426148452,6.43958547143414
"H-400","H-27",31,NA,1,0.856344595123639,4.90059709162432
"H-401","H-28",31,NA,1,0.601829006480449,3.88354206643523
"H-402","H-29",31,NA,1,0.516859044998402,6.22973956725762
"H-403","H-30",31,NA,1,0.886834909772617,4.46867378148156
"H-404","H-32",31,NA,1,0.738410644042842,5.32067202044028
"H-405","H-33",31,NA,1,0.510268187030489,5.37401010387917
"H-406","H-34",31,NA,1,0.799878164970928,4.97194484636975
"H-407","H-35",31,NA,1,0.731744071339569,4.72678029682879
"H-408","H-36",31,NA,1,0.847087691907743,5.33924258815266
"H-409","H-37",31,NA,1,0.698234186136289,4.5851642409084
"H-41","H-9",20,NA,1,0.939561298659768,4.84862345535297
"H-410","H-38",31,NA,1,0.805111222909463,4.67503936222584
"H-411","H-39",31,NA,1,0.702449318839556,5.38497284425337
"H-412","H-41",31,NA,1,0.700770931524497,4.20438006229509
"H-413","H-42",31,NA,1,0.806634576150726,5.63704920829231
"H-414","H-43",31,NA,1,0.848522352131688,5.87761296794649
"H-415","H-45",31,NA,1,0.805924644627103,5.35611542236186
"H-416","H-46",31,NA,1,0.857649560642589,4.66613284167166
"H-417","H-49",31,NA,1,0.80628178467513,6.17218348142412
"H-418","H-50",31,NA,1,0.779994626273204,4.29252290754697
"H-419","H-51",31,NA,1,0.881464055806434,4.86455254102896
"H-42","H-1",21,NA,1,0.850379006819881,4.38093969127018
"H-420","H-52",31,NA,1,0.792518213373415,4.25440399299686
"H-421","H-53",31,NA,1,0.508275237389319,4.91406094495399
"H-422","H-57",31,NA,1,0.645056281017336,5.01950885920002
"H-423","H-58",31,NA,1,0.738629258296897,2.71430194270483
"H-424","H-6",31,NA,1,0.957521426816428,5.92058101174288
"H-425","H-60",31,NA,1,0.750993883224418,4.40896829486534
"H-426","H-61",31,NA,1,0.717261920223365,5.8566349943391
"H-427","H-63",31,NA,1,0.837370723131116,3.31252479925458
"H-428","H-64",31,NA,1,0.79625573863688,5.30155511553583
"H-429","H-67",31,NA,1,0.754406490037547,5.92719993741446
"H-43","H-12",21,NA,1,0.76706777686643,4.16726330318576
"H-430","H-68",31,NA,1,0.803959112271398,4.764266062536
"H-431","H-69",31,NA,1,0.896878979850606,4.63214691853881
"H-432","H-70",31,NA,1,0.698356979145732,6.02466718529139
"H-433","H-71",31,NA,1,0.774436752572698,5.09943969031943
"H-434","H-74",31,35,0,0.775631834964511,4.65011810871083
"H-435","H-77",31,NA,1,0.586415401984922,4.46818332262562
"H-436","H-78",31,NA,1,0.902780426948835,6.21742425374609
"H-437","H-79",31,NA,1,0.699063638798383,3.99472073686026
"H-438","H-80",31,34,0,0.803733381887243,4.61338765919654
"H-439","H-82",31,NA,1,0.740169809094043,6.40421572211384
"H-44","H-13",21,NA,1,0.250181753822367,5.87830893830919
"H-440","H-83",31,NA,1,0.892027156557725,4.76550802946144
"H-441","H-84",31,NA,1,0.915504157711225,4.06101170286539
"H-442","H-86",31,NA,1,0.791940447716841,6.14456790536374
"H-443","H-87",31,NA,1,0.432109075083648,4.54297553646768
"H-444","H-88",31,NA,1,0.884026430613906,6.35294823667711
"H-445","H-89",31,NA,1,0.790698286438289,6.01724849540184
"H-446","H-90",31,NA,1,0.764976555614286,4.5440967390958
"H-447","H-92",31,NA,1,0.716537385389646,4.40173453336728
"H-448","H-93",31,NA,1,0.77058990860077,4.99812883471052
"H-449","H-94",31,NA,1,0.623384546247145,5.49372870319824
"H-45","H-14",21,NA,1,0.580800117801693,4.7574916583054
"H-450","H-96",31,NA,1,0.483200994243894,4.75582087870816
"H-451","H-97",31,NA,1,0.584652439673871,5.44506505107976
"H-452","H-1",32,NA,1,0.701771727753546,6.29552250340988
"H-453","H-101",32,NA,1,0.65591393115343,6.62326529366231
"H-454","H-102",32,NA,1,0.816180543779397,4.25643023251512
"H-455","H-103",32,NA,1,0.955252668524516,4.69784824007114
"H-456","H-104",32,NA,1,0.874127273821497,2.20072957130822
"H-457","H-105",32,NA,1,0.776947371021935,6.27945309733944
"H-458","H-107",32,NA,1,0.595588874585219,4.4831030797395
"H-459","H-108",32,NA,1,0.871673748251754,4.16550469796088
"H-46","H-15",21,NA,1,0.472153253451292,4.98849112155917
"H-460","H-109",32,NA,1,0.557620061027405,2.91412505411756
"H-461","H-11",32,NA,1,0.629580187313599,5.98068620825707
"H-462","H-110",32,NA,1,0.853587984582815,5.21016028080189
"H-463","H-111",32,NA,1,0.747983091612552,4.35996361377137
"H-464","H-112",32,NA,1,0.967485571930605,3.19090799055518
"H-465","H-113",32,NA,1,0.791413519931203,4.88722709002635
"H-466","H-114",32,NA,1,0.742721580212087,3.56025201692895
"H-467","H-115",32,NA,1,0.619143246377802,5.41240886139261
"H-468","H-117",32,NA,1,0.748172069216573,4.42703309710139
"H-469","H-12",32,NA,1,0.930903097405863,3.98265779640088
"H-47","H-16",21,NA,1,0.731469786913499,5.40215617372756
"H-470","H-121",32,NA,1,0.723034524910867,5.34662962451528
"H-471","H-122",32,NA,1,0.825967455316201,4.20476276949095
"H-472","H-125",32,NA,1,0.641154978266256,5.15203225867844
"H-473","H-128",32,NA,1,0.918675143908769,4.86480772499348
"H-474","H-129",32,NA,1,0.732555327168923,5.49069058219717
"H-475","H-132",32,NA,1,0.909730796525317,3.95802831138094
"H-476","H-134",32,NA,1,0.77838714794866,3.27000926821394
"H-477","H-135",32,NA,1,0.728739264039679,3.54061908065198
"H-478","H-136",32,NA,1,0.521773915518632,4.5998189650009
"H-479","H-137",32,NA,1,0.724938893119348,5.98680059818166
"H-48","H-17",21,28,0,0.409007080473769,3.71000696193616
"H-480","H-138",32,NA,1,0.869038571177471,2.22628711267883
"H-481","H-14",32,NA,1,0.880241644154919,6.46646069724066
"H-482","H-142",32,NA,1,0.806603750385505,5.1282475414276
"H-483","H-143",32,NA,1,0.722662372441808,3.70137677439689
"H-484","H-148",32,NA,1,0.395642431071969,5.09257237315252
"H-485","H-149",32,NA,1,0.615144332087333,5.98862992490591
"H-486","H-150",32,NA,1,0.437534542654783,4.6760076977237
"H-487","H-155",32,NA,1,0.520770164074302,5.21900240076493
"H-488","H-165",32,NA,1,0.813358282229011,5.54978858207837
"H-489","H-17",32,NA,1,0.85235263318417,3.83539646569037
"H-49","H-7",21,NA,1,0.786448757420021,5.30942656239347
"H-490","H-170",32,NA,1,0.851156815069816,7.9250625621966
"H-491","H-172",32,NA,1,0.814217322220234,4.7001372083845
"H-492","H-175",32,NA,1,0.821633503649645,4.77051918703808
"H-493","H-180",32,NA,1,0.756153924783121,5.81118019695019
"H-494","H-181",32,NA,1,0.348865690594456,6.21510835056996
"H-495","H-186",32,NA,1,0.794542532133398,4.33387496059201
"H-496","H-19",32,NA,1,0.649559813471323,5.86375828648107
"H-497","H-20",32,NA,1,0.679824212694823,7.28120475647203
"H-498","H-200",32,NA,1,0.877988309732924,4.04928912796408
"H-499","H-204",32,NA,1,0.554935062212882,5.31532409496917
"H-5","H-1",10,NA,1,0.37030272749272,5.8946573458639
"H-50","H-8",21,NA,1,0.680632597320013,5.91163678625585
"H-500","H-215",32,NA,1,0.915070978029863,6.33933450349986
"H-501","H-22",32,NA,1,0.738468972631976,4.44244542009172
"H-502","H-24",32,NA,1,0.808246544399903,7.01851348839292
"H-503","H-25",32,NA,1,0.896551830516913,5.32553368599502
"H-504","H-27",32,NA,1,0.68483572426339,4.15633894381669
"H-505","H-29",32,NA,1,0.747113687684558,3.27395474489315
"H-506","H-3",32,NA,1,0.619545962745374,5.54035332999214
"H-507","H-30",32,NA,1,0.820587164591477,5.06258326592548
"H-508","H-32",32,NA,1,0.796818988110527,5.03339971219917
"H-509","H-34",32,NA,1,0.625877892193903,5.95036743995298
"H-51","H-1",22,NA,1,0.874424575938776,5.07502652722417
"H-510","H-35",32,NA,1,0.720534840594254,7.25228393160539
"H-511","H-37",32,NA,1,0.893697919702433,5.11114387402319
"H-512","H-4",32,NA,1,0.821005919258943,3.55059091457202
"H-513","H-41",32,NA,1,0.74815833096849,3.9342538214517
"H-514","H-45",32,NA,1,0.522036023042736,6.18141176317377
"H-515","H-46",32,NA,1,0.706464884911374,6.01877164840469
"H-516","H-49",32,NA,1,0.825647425380456,4.10025034124999
"H-517","H-52",32,NA,1,0.458166411559303,3.90478253980536
"H-518","H-53",32,NA,1,0.442000485010706,3.90936291367429
"H-519","H-57",32,34,0,0.798229888152428,7.43230093582929
"H-52","H-11",22,NA,1,0.750821042599244,6.32384797519633
"H-520","H-58",32,NA,1,0.554659410166474,5.45264143258618
"H-521","H-59",32,NA,1,0.898695733782083,5.52728252187717
"H-522","H-6",32,NA,1,0.663665264284192,4.83891586948451
"H-523","H-60",32,NA,1,0.515182946773377,4.19663485754674
"H-524","H-61",32,NA,1,0.849580922971587,4.60622925284992
"H-525","H-63",32,NA,1,0.881520949386656,5.6217534761878
"H-526","H-64",32,NA,1,0.852066564893158,4.75821859484985
"H-527","H-65",32,NA,1,0.727672578410394,4.19363003708576
"H-528","H-66",32,NA,1,0.297041021233118,5.84587068451615
"H-529","H-67",32,NA,1,0.558766049306015,4.28444626203083
"H-53","H-12",22,NA,1,0.886872235161751,6.4455758462101
"H-530","H-69",32,NA,1,0.844850697206351,3.55091450396626
"H-531","H-71",32,NA,1,0.690596680163615,3.07881575414686
"H-532","H-73",32,NA,1,0.577381080864575,5.29252429018941
"H-533","H-74",32,NA,1,0.82350609470084,3.25072808569961
"H-534","H-77",32,NA,1,0.360894115889049,5.44761105337182
"H-535","H-78",32,NA,1,0.350721130947964,6.86486413154692
"H-536","H-79",32,NA,1,0.940714019036992,6.03275117362223
"H-537","H-8",32,NA,1,0.800338908703694,4.39132417805148
"H-538","H-80",32,NA,1,0.583589557507761,5.21809259742969
"H-539","H-83",32,NA,1,0.412379427897027,5.05550079838004
"H-54","H-13",22,NA,1,0.58317981764102,5.62192367246931
"H-540","H-84",32,NA,1,0.82305061214089,7.56418959595475
"H-541","H-85",32,NA,1,0.677299089150684,6.52498437980164
"H-542","H-86",32,NA,1,0.813644915532079,5.46527125978574
"H-543","H-89",32,NA,1,0.660361774291139,6.22721954246268
"H-544","H-9",32,NA,1,0.599256366648828,5.13324071922314
"H-545","H-90",32,NA,1,0.869910187363646,3.65191811363819
"H-546","H-91",32,NA,1,0.815563881836221,4.10330560901767
"H-547","H-92",32,NA,1,0.883271179724266,5.00072784156949
"H-548","H-93",32,NA,1,0.531067757177296,5.03184092919393
"H-549","H-95",32,NA,1,0.860935378960896,5.29973104876614
"H-55","H-14",22,NA,1,0.846975647458808,4.69286325689301
"H-550","H-96",32,NA,1,0.813263993426636,4.241669470768
"H-551","H-97",32,NA,1,0.726699362204382,4.17339591333874
"H-552","H-1",33,NA,1,0.648845510026934,4.62460142570585
"H-553","H-101",33,NA,1,0.311616857962919,4.61549580373793
"H-554","H-102",33,NA,1,0.887378764997406,4.62518505837157
"H-555","H-104",33,NA,1,0.915267874299195,5.13097020839046
"H-556","H-105",33,NA,1,0.697726409548999,5.30742031244429
"H-557","H-107",33,NA,1,0.96559520697109,6.05740184085152
"H-558","H-108",33,NA,1,0.686231772100277,5.7305410531611
"H-559","H-109",33,NA,1,0.745132291701462,3.66211856388549
"H-56","H-15",22,NA,1,0.629256044144635,6.2724943634791
"H-560","H-11",33,NA,1,0.629710761827784,4.43661321451059
"H-561","H-110",33,NA,1,0.682044330869326,4.34195512524147
"H-562","H-111",33,NA,1,0.941656053164722,5.48742949176701
"H-563","H-113",33,NA,1,0.947187255916563,4.92537215977132
"H-564","H-114",33,NA,1,0.669127534588365,5.42798029653147
"H-565","H-115",33,NA,1,0.381224040530848,5.41972956398557
"H-566","H-117",33,NA,1,0.88560676202671,3.93942552738444
"H-567","H-12",33,NA,1,0.747995377632871,4.11925390110877
"H-568","H-120",33,NA,1,0.891146942308649,3.73228045474338
"H-569","H-122",33,NA,1,0.919260043501026,5.21435229157152
"H-57","H-21",22,NA,1,0.520892353742861,4.08900238075367
"H-570","H-123",33,NA,1,0.917593900759807,6.81152751127025
"H-571","H-124",33,NA,1,0.582663198572366,5.52637017285168
"H-572","H-125",33,NA,1,0.944674077320372,4.65735447637148
"H-573","H-126",33,NA,1,0.896415940475592,5.66530641598041
"H-574","H-127",33,NA,1,0.304584042997961,3.7365617049682
"H-575","H-129",33,NA,1,0.420515938338094,5.98342730798918
"H-576","H-132",33,NA,1,0.938773170458636,3.83848644246031
"H-577","H-133",33,NA,1,0.78785312281864,5.09971696249379
"H-578","H-134",33,NA,1,0.673230599147771,5.23127701728639
"H-579","H-135",33,NA,1,0.799163174563746,4.06532762472107
"H-58","H-3",22,NA,1,0.759189451320911,4.81428951067154
"H-580","H-137",33,NA,1,0.669783768040198,4.21762212180442
"H-581","H-138",33,NA,1,0.933742403550926,3.83837046201253
"H-582","H-139",33,NA,1,0.751009797403291,5.57043190576341
"H-583","H-14",33,NA,1,0.736430255350956,4.35242401327835
"H-584","H-141",33,NA,1,0.954260055914518,3.16442858656665
"H-585","H-142",33,NA,1,0.933681778803683,6.22232135558705
"H-586","H-143",33,NA,1,0.849159349201467,3.83039473429356
"H-587","H-146",33,NA,1,0.522447325027647,5.27478952669818
"H-588","H-147",33,NA,1,0.7991940319892,3.58879158317429
"H-589","H-15",33,NA,1,0.544389245336136,5.1829686455294
"H-59","H-6",22,NA,1,0.463859192583202,4.85152743176997
"H-590","H-150",33,NA,1,0.813603307083702,3.89339093945423
"H-591","H-155",33,NA,1,0.413156269498224,3.96298446045373
"H-592","H-156",33,NA,1,0.579945746724229,3.9510514553157
"H-593","H-157",33,NA,1,0.68638759284983,5.64544587556044
"H-594","H-162",33,NA,1,0.680911289481157,5.03943680139231
"H-595","H-163",33,NA,1,0.600503535344569,5.5412964797517
"H-596","H-165",33,NA,1,0.780158060815497,5.06544416652818
"H-597","H-167",33,NA,1,0.806421377007401,3.03129565548416
"H-598","H-17",33,NA,1,0.754034031321136,4.45003371530184
"H-599","H-170",33,NA,1,0.564373062618559,4.64955721751996
"H-6","H-2",12,NA,1,0.685590032558879,3.72053885974964
"H-60","H-7",22,NA,1,0.948782300510187,5.9843771733344
"H-600","H-171",33,NA,1,0.718938913070434,3.92708170501895
"H-601","H-172",33,NA,1,0.516987057193127,6.07330963136318
"H-602","H-175",33,NA,1,0.464603395175017,4.56312237986503
"H-603","H-179",33,NA,1,0.753176630170714,6.94199811022121
"H-604","H-182",33,NA,1,0.686465830549468,5.77624515522811
"H-605","H-185",33,NA,1,0.769667323819808,7.20290170732306
"H-606","H-186",33,NA,1,0.803404339490207,4.75687427158286
"H-607","H-187",33,NA,1,0.635584559161042,4.24972155607441
"H-608","H-189",33,NA,1,0.689331566214163,4.33685573734715
"H-609","H-19",33,NA,1,0.795189786962309,7.16287252605033
"H-61","H-1",23,35,0,0.722421198561543,5.0402028207655
"H-610","H-190",33,NA,1,0.585219469569893,4.93999424605719
"H-611","H-192",33,NA,1,0.635378987146466,6.10003089261311
"H-612","H-20",33,NA,1,0.618980565025096,4.14938645303498
"H-613","H-204",33,NA,1,0.739955423863812,5.24983193485842
"H-614","H-205",33,NA,1,0.873131596212054,4.55325075799186
"H-615","H-207",33,NA,1,0.50911119725428,3.9465128316788
"H-616","H-208",33,NA,1,0.649724788798087,5.16319926948292
"H-617","H-211",33,35,0,0.770387202848995,4.51987921581466
"H-618","H-212",33,NA,1,0.856006187012132,6.17355707662249
"H-619","H-213",33,NA,1,0.598836155912498,4.58744416940842
"H-62","H-11",23,NA,1,0.535358960778712,5.34805084688618
"H-620","H-215",33,NA,1,0.664187891720976,6.66953743616351
"H-621","H-216",33,NA,1,0.527776717918487,4.55363944807739
"H-622","H-218",33,NA,1,0.542370156062688,3.04780653316898
"H-623","H-22",33,NA,1,0.737671419840408,4.12099272627378
"H-624","H-221",33,NA,1,0.372877463236009,6.25354392934417
"H-625","H-226",33,NA,1,0.787388845629296,6.15067658133424
"H-626","H-227",33,NA,1,0.539969866877233,5.45550038835165
"H-627","H-228",33,NA,1,0.730213980048517,4.95328605737622
"H-628","H-242",33,NA,1,0.43751909535931,4.15510053004748
"H-629","H-247",33,NA,1,0.439366222514944,5.07140563074337
"H-63","H-12",23,NA,1,0.842347327422673,5.40900080536975
"H-630","H-25",33,NA,1,0.649742966029576,4.5382828333184
"H-631","H-252",33,NA,1,0.928543139984665,3.66252230286523
"H-632","H-257",33,NA,1,0.643535887130367,3.0744530422053
"H-633","H-266",33,NA,1,0.858664480253062,5.95172408272853
"H-634","H-27",33,NA,1,0.630564404582096,5.87754771233386
"H-635","H-274",33,NA,1,0.761935724813419,5.86934562374177
"H-636","H-275",33,NA,1,0.845655022129139,6.52515794997389
"H-637","H-28",33,NA,1,0.395648145093196,5.10863344772349
"H-638","H-3",33,NA,1,0.489526966401323,2.41344482320926
"H-639","H-30",33,NA,1,0.72526364733585,5.05281785312805
"H-64","H-14",23,NA,1,0.962352968460296,6.06472438597743
"H-640","H-32",33,NA,1,0.774989729352481,7.2573077142405
"H-641","H-35",33,NA,1,0.733354038144435,3.89959323642285
"H-642","H-36",33,NA,1,0.76593655609552,4.58623218990986
"H-643","H-37",33,NA,1,0.7348253152355,3.98111149575495
"H-644","H-38",33,NA,1,0.819288539637118,6.73497630165875
"H-645","H-4",33,NA,1,0.689698571492074,3.40816838439531
"H-646","H-40",33,NA,1,0.722489616913617,5.54706828532236
"H-647","H-41",33,NA,1,0.873992265313115,5.23276898424377
"H-648","H-42",33,NA,1,0.673562193868549,5.51745229549528
"H-649","H-43",33,NA,1,0.400176781606485,4.71370882880094
"H-65","H-17",23,NA,1,0.403375312733107,5.67976743269129
"H-650","H-45",33,NA,1,0.721569375063555,5.5476989240778
"H-651","H-46",33,NA,1,0.693470541178215,4.12742433922533
"H-652","H-49",33,NA,1,0.753412856559929,4.34685484415571
"H-653","H-5",33,NA,1,0.806473381713352,5.17871356273029
"H-654","H-50",33,NA,1,0.795663584903901,4.19579408449755
"H-655","H-51",33,NA,1,0.732226220405139,3.75308885773392
"H-656","H-52",33,NA,1,0.399684599305003,3.94193721895669
"H-657","H-53",33,NA,1,0.848690993634258,5.07719246177151
"H-658","H-55",33,NA,1,0.886566864906229,5.01827195546
"H-659","H-56",33,NA,1,0.618266378678995,6.49323512597319
"H-66","H-21",23,NA,1,0.810467458305088,3.16613633525626
"H-660","H-6",33,NA,1,0.560842854436333,5.40651496744692
"H-661","H-60",33,NA,1,0.942495664619152,5.26655051127937
"H-662","H-62",33,NA,1,0.613333175911803,5.88309838325886
"H-663","H-63",33,NA,1,0.74587124291242,6.40010867254922
"H-664","H-64",33,NA,1,0.57720975478165,4.91709879330448
"H-665","H-66",33,NA,1,0.411588172095076,4.46611272337886
"H-666","H-67",33,NA,1,0.726275589809244,5.47728481908453
"H-667","H-69",33,NA,1,0.763900745173201,5.38526495659397
"H-668","H-70",33,NA,1,0.735029877049001,4.81153890346614
"H-669","H-71",33,NA,1,0.570040588244197,5.48356356631195
"H-67","H-22",23,NA,1,0.871673006099778,5.92365807542752
"H-670","H-74",33,NA,1,0.791908835210032,5.58510896254619
"H-671","H-75",33,NA,1,0.880507177740688,5.24306810178702
"H-672","H-76",33,NA,1,0.943853336243416,5.74399042683808
"H-673","H-77",33,NA,1,0.744672374305758,5.45194429944729
"H-674","H-78",33,NA,1,0.77479229384464,5.34040204195737
"H-675","H-80",33,NA,1,0.57354355859474,3.49281635478358
"H-676","H-83",33,NA,1,0.694551438137506,5.04788913456913
"H-677","H-84",33,NA,1,0.873683948294434,2.95579951262443
"H-678","H-85",33,NA,1,0.369581479556888,6.74957908964371
"H-679","H-87",33,NA,1,0.960226169299793,5.58198191725783
"H-68","H-23",23,NA,1,0.722351472532251,5.12606757154988
"H-680","H-9",33,NA,1,0.916726965754534,4.31082417841116
"H-681","H-90",33,NA,1,0.766126287129475,4.47513699710123
"H-682","H-91",33,NA,1,0.772391984755149,4.72437594606452
"H-683","H-92",33,34,0,0.825073436012157,3.89414125290799
"H-684","H-93",33,NA,1,0.815291681235558,2.99485056837847
"H-685","H-94",33,NA,1,0.796049292856128,4.05766266094545
"H-686","H-95",33,NA,1,0.613341198263578,4.90935586182779
"H-687","H-96",33,NA,1,0.619954483097535,4.89514186463339
"H-688","H-97",33,NA,1,0.916174959020862,4.0876686894628
"H-689","H-98",33,NA,1,0.85479528506273,5.83187196993718
"H-69","H-25",23,NA,1,0.8934431716859,5.11442376431184
"H-690","H-99",33,NA,1,0.703298378119686,5.41774877783413
"H-691","H-1",34,NA,1,0.828857056729513,4.61937925229623
"H-692","H-100",34,NA,1,0.621617349334564,5.73929224833916
"H-693","H-102",34,NA,1,0.908463499971779,4.00460724306027
"H-694","H-103",34,NA,1,0.682273746051239,3.90462187707425
"H-695","H-104",34,NA,1,0.349605507449477,4.14441427618545
"H-696","H-105",34,NA,1,0.771369515026413,6.64613178743206
"H-697","H-107",34,NA,1,0.743796393122048,4.90415424839411
"H-698","H-108",34,NA,1,0.834939874126167,4.55355829290988
"H-699","H-109",34,NA,1,0.903997889815591,5.83723674199726
"H-7","H-1",13,NA,1,0.643350973522138,4.64547340103694
"H-70","H-28",23,NA,1,0.644211185548588,5.6643254462428
"H-700","H-111",34,NA,1,0.802399678400994,5.50348340740242
"H-701","H-114",34,NA,1,0.675479256627222,4.85563832308735
"H-702","H-115",34,NA,1,0.904309548091625,3.99221745514035
"H-703","H-116",34,NA,1,0.649099809020346,4.66683662816557
"H-704","H-12",34,NA,1,0.845555115926755,5.45484456907312
"H-705","H-121",34,NA,1,0.632322382771454,6.45206415406818
"H-706","H-122",34,NA,1,0.581405134643084,4.15397602066494
"H-707","H-124",34,NA,1,0.908951993796575,5.00421403519011
"H-708","H-125",34,NA,1,0.771037067298759,4.93958256004333
"H-709","H-126",34,NA,1,0.751034950065154,4.04928454418266
"H-71","H-3",23,NA,1,0.563098526104702,5.72606879283643
"H-710","H-127",34,NA,1,0.777654598200747,7.42379656924214
"H-711","H-129",34,NA,1,0.8509656006309,4.86129461177824
"H-712","H-130",34,NA,1,0.463336000885784,4.47580397075271
"H-713","H-131",34,NA,1,0.45172020604423,2.61661026473833
"H-714","H-132",34,NA,1,0.834200571806933,3.79478925915727
"H-715","H-133",34,NA,1,0.781616480422035,5.01129915667434
"H-716","H-134",34,NA,1,0.778366819163534,3.96226247735823
"H-717","H-136",34,NA,1,0.385441628964773,4.09161729471954
"H-718","H-137",34,NA,1,0.749615916771456,4.80061781454436
"H-719","H-138",34,NA,1,0.686032326666385,5.02531012860473
"H-72","H-4",23,28,0,0.882057654005242,6.47653316867615
"H-720","H-14",34,NA,1,0.753060952932108,4.97415641949351
"H-721","H-140",34,NA,1,0.877476817764324,5.08049708536898
"H-722","H-141",34,NA,1,0.630091231733556,6.37963602420463
"H-723","H-142",34,NA,1,0.448150758294887,6.16255758292557
"H-724","H-143",34,NA,1,0.544408667659825,3.51874682003725
"H-725","H-144",34,NA,1,0.242844957209856,4.16423143360519
"H-726","H-145",34,NA,1,0.762132513053886,3.72748936449839
"H-727","H-146",34,NA,1,0.636185200373863,4.31885331064252
"H-728","H-148",34,NA,1,0.663976614908759,5.45129091096418
"H-729","H-15",34,NA,1,0.470794197005673,6.08966539485453
"H-73","H-9",23,NA,1,0.593463747334859,4.40535945622722
"H-730","H-150",34,NA,1,0.886961212554376,4.49828913777874
"H-731","H-151",34,NA,1,0.649645851902089,5.35694796256331
"H-732","H-152",34,NA,1,0.727608345917525,2.37885064689218
"H-733","H-155",34,NA,1,0.735448279580356,5.99443664037957
"H-734","H-156",34,NA,1,0.856999056600362,5.00398767625562
"H-735","H-157",34,NA,1,0.81233619984752,6.31280673952259
"H-736","H-159",34,NA,1,0.692338999640266,4.22590505206886
"H-737","H-161",34,NA,1,0.573527306936123,4.40798645532759
"H-738","H-162",34,NA,1,0.826121783208916,4.70318724841265
"H-739","H-163",34,NA,1,0.9516551941474,4.01699675630223
"H-74","H-1",24,NA,1,0.941919230275669,5.15466713227202
"H-740","H-165",34,NA,1,0.391656777295498,5.59055025444971
"H-741","H-167",34,NA,1,0.769290263418176,6.88397018995717
"H-742","H-171",34,NA,1,0.732234557625252,4.54672077389875
"H-743","H-174",34,NA,1,0.884413747082996,4.49382000216081
"H-744","H-176",34,NA,1,0.503568543669203,4.04845292357448
"H-745","H-178",34,NA,1,0.861651124940333,4.54452917699899
"H-746","H-179",34,NA,1,0.470508044015176,5.59471313869975
"H-747","H-18",34,NA,1,0.885305181395055,3.71404257664514
"H-748","H-180",34,NA,1,0.812880138730861,4.76152136558938
"H-749","H-181",34,NA,1,0.824607618073541,4.97917880400154
"H-75","H-11",24,NA,1,0.706116116736016,5.36613495036893
"H-750","H-182",34,NA,1,0.742142255308179,4.40232221736764
"H-751","H-185",34,NA,1,0.875243635295921,5.03974701538353
"H-752","H-186",34,NA,1,0.616158407125446,2.48120417432477
"H-753","H-187",34,NA,1,0.488066105926199,3.89734520176327
"H-754","H-189",34,NA,1,0.720857907048037,5.95497505844842
"H-755","H-19",34,NA,1,0.647572300408485,5.31968265228353
"H-756","H-190",34,NA,1,0.848154694927182,4.19926451946125
"H-757","H-192",34,NA,1,0.294304244752365,4.84105078868583
"H-758","H-193",34,NA,1,0.666996598659584,3.80090339979419
"H-759","H-196",34,NA,1,0.787443368400637,4.65936562996823
"H-76","H-14",24,NA,1,0.486933451502301,4.26962701708546
"H-760","H-199",34,NA,1,0.811207518392745,6.36065280351998
"H-761","H-200",34,NA,1,0.962086372689494,4.50322873613864
"H-762","H-203",34,NA,1,0.746329443164606,3.9595138303982
"H-763","H-207",34,NA,1,0.868443634635843,4.17012989029217
"H-764","H-208",34,NA,1,0.565575212969169,4.22345561049971
"H-765","H-209",34,NA,1,0.726729985579518,4.6412671596057
"H-766","H-210",34,NA,1,0.663979283875374,5.00270234305922
"H-767","H-211",34,NA,1,0.500693895291369,4.01865820381327
"H-768","H-212",34,NA,1,0.565445943719258,5.07917486314618
"H-769","H-213",34,NA,1,0.435796350001382,5.39182503651045
"H-77","H-16",24,NA,1,0.681419306957267,4.99146015388778
"H-770","H-215",34,NA,1,0.465093322894688,4.57124659890277
"H-771","H-216",34,NA,1,0.598163122112116,6.04744739057594
"H-772","H-220",34,NA,1,0.580982221774065,4.30948628181091
"H-773","H-221",34,NA,1,0.615818495706488,6.05973734434339
"H-774","H-222",34,NA,1,0.619311424341054,4.32910165553962
"H-775","H-225",34,NA,1,0.772126921298717,6.63946869838032
"H-776","H-226",34,NA,1,0.556320266588558,4.61641613823953
"H-777","H-228",34,NA,1,0.860792530486742,5.8809653818852
"H-778","H-229",34,NA,1,0.927588645369949,5.62196181833438
"H-779","H-236",34,NA,1,0.763513731099686,3.04173526660367
"H-78","H-17",24,NA,1,0.861280364379002,4.24904410244706
"H-780","H-24",34,NA,1,0.818279201664049,4.71042976544903
"H-781","H-241",34,NA,1,0.761499224312955,4.61331469069528
"H-782","H-242",34,NA,1,0.882859846326245,4.89460161543121
"H-783","H-243",34,NA,1,0.425457585927354,5.04426071367937
"H-784","H-245",34,NA,1,0.831981692943626,4.39093440569241
"H-785","H-247",34,NA,1,0.280747239863194,5.35916579108502
"H-786","H-249",34,NA,1,0.875620374528877,5.32295060010062
"H-787","H-25",34,NA,1,0.888963845443205,6.35581529609202
"H-788","H-251",34,NA,1,0.921986982924458,4.1495738360989
"H-789","H-252",34,NA,1,0.791038236621222,6.06992762859056
"H-79","H-18",24,NA,1,0.868904268164478,5.69797566843656
"H-790","H-254",34,NA,1,0.932038420796716,4.60414267333464
"H-791","H-261",34,NA,1,0.984815020030019,6.0187118916115
"H-792","H-266",34,NA,1,0.303360562180889,5.80366709670416
"H-793","H-267",34,NA,1,0.673893147759849,6.00337734492281
"H-794","H-269",34,NA,1,0.857572718277358,4.78431320669532
"H-795","H-271",34,NA,1,0.513524073691113,6.88091978958551
"H-796","H-274",34,NA,1,0.860483825609424,3.69191158860991
"H-797","H-276",34,NA,1,0.86853893771183,5.0502371476186
"H-798","H-28",34,NA,1,0.352094464690712,5.84572346861678
"H-799","H-281",34,NA,1,0.749791392925626,4.62016141058858
"H-8","H-2",13,NA,1,0.793942064594165,5.75689842578302
"H-80","H-19",24,NA,1,0.858417336804368,4.83959940365787
"H-800","H-287",34,NA,1,0.481460471950107,4.71483111938963
"H-801","H-294",34,NA,1,0.677193456693743,3.79584855540457
"H-802","H-296",34,NA,1,0.591330912004627,4.87188647938199
"H-803","H-297",34,NA,1,0.55820489045702,3.81397649925312
"H-804","H-298",34,NA,1,0.350795972642117,4.22296847844866
"H-805","H-30",34,NA,1,0.893929833663717,4.88660611942775
"H-806","H-31",34,NA,1,0.690070298462761,3.89538310705207
"H-807","H-311",34,NA,1,0.96791200769955,5.73338415899438
"H-808","H-322",34,NA,1,0.805367268656085,4.95103392564466
"H-809","H-330",34,NA,1,0.888074964691657,5.36688794767206
"H-81","H-20",24,NA,1,0.350126350871509,4.72724412141163
"H-810","H-334",34,NA,1,0.813632827353389,3.94901496194848
"H-811","H-336",34,NA,1,0.672613412315043,4.82586805463641
"H-812","H-34",34,NA,1,0.713619190897526,5.04149208546359
"H-813","H-349",34,NA,1,0.869788302020156,4.03102591894546
"H-814","H-35",34,NA,1,0.508421589319639,4.20214835286472
"H-815","H-352",34,NA,1,0.355040432194131,6.22244799272272
"H-816","H-355",34,NA,1,0.808587119164879,7.13996116770387
"H-817","H-36",34,NA,1,0.939318927405561,6.24461534244786
"H-818","H-37",34,NA,1,0.729076683564903,3.90506161199608
"H-819","H-38",34,NA,1,0.683321954108136,5.50348067306334
"H-82","H-22",24,NA,1,0.548885132091719,4.58789882624633
"H-820","H-39",34,NA,1,0.759900294877511,4.02437310019369
"H-821","H-4",34,NA,1,0.636080922594035,5.71295462076918
"H-822","H-40",34,NA,1,0.93536821901882,6.35140443306485
"H-823","H-41",34,NA,1,0.854950041216727,3.01114162311972
"H-824","H-42",34,NA,1,0.679918834864033,4.86530769973747
"H-825","H-423",34,NA,1,0.60109031073833,5.96660072492895
"H-826","H-43",34,NA,1,0.769572837169254,6.45260755230992
"H-827","H-45",34,NA,1,0.982870696029255,4.88903291688645
"H-828","H-46",34,NA,1,0.859800066540793,7.12873284645085
"H-829","H-47",34,NA,1,0.631354627003965,5.81382083289007
"H-83","H-23",24,NA,1,0.650495932445368,6.23696056119411
"H-830","H-49",34,NA,1,0.60248081761559,6.50427640218536
"H-831","H-5",34,NA,1,0.851578989286967,4.49857717516976
"H-832","H-50",34,NA,1,0.456210805445782,5.54029951362249
"H-833","H-51",34,NA,1,0.881617567397531,4.35878633388045
"H-834","H-53",34,NA,1,0.818254623565758,2.8248290812856
"H-835","H-55",34,NA,1,0.744223517147499,5.06462694932345
"H-836","H-57",34,NA,1,0.758464926833216,3.2784358969049
"H-837","H-58",34,NA,1,0.710353646842827,5.59670657327335
"H-838","H-59",34,NA,1,0.695230762613405,5.29009106078959
"H-839","H-6",34,NA,1,0.576925451054625,4.59364299082859
"H-84","H-24",24,NA,1,0.646004525866075,6.3642204408528
"H-840","H-60",34,NA,1,0.682497764797806,5.0604764151106
"H-841","H-61",34,NA,1,0.768967465906199,3.04642702200083
"H-842","H-63",34,NA,1,0.597649105268636,6.37478251556335
"H-843","H-64",34,NA,1,0.732502532947902,4.91030145383644
"H-844","H-66",34,NA,1,0.962294041791865,6.83846428663576
"H-845","H-67",34,NA,1,0.82535689223659,5.29807335532359
"H-846","H-68",34,NA,1,0.583197039551547,4.98357671324317
"H-847","H-69",34,NA,1,0.788758619262132,5.53576110974853
"H-848","H-70",34,NA,1,0.807953425759536,5.59628281988078
"H-849","H-74",34,NA,1,0.837637838041571,4.48370954600523
"H-85","H-25",24,NA,1,0.695386770923449,6.41007251425622
"H-850","H-75",34,NA,1,0.856340819519392,4.29505766215256
"H-851","H-78",34,NA,1,0.829376696883254,4.07618685911931
"H-852","H-79",34,NA,1,0.970028361621316,5.2906745114842
"H-853","H-8",34,NA,1,0.860661882480021,8.23684524535073
"H-854","H-80",34,NA,1,0.744759223569705,7.65680858875457
"H-855","H-84",34,NA,1,0.895873036399259,3.76409358797471
"H-856","H-85",34,NA,1,0.398227296072866,5.26798349491942
"H-857","H-86",34,NA,1,0.825462813086584,4.97571933002367
"H-858","H-87",34,NA,1,0.719609630206901,4.91755986449893
"H-859","H-88",34,NA,1,0.747642976194547,5.70697148873589
"H-86","H-26",24,NA,1,0.658602104071227,5.1745466127466
"H-860","H-89",34,NA,1,0.757841808921138,6.74465324120674
"H-861","H-9",34,NA,1,0.87417454800769,5.12536898007777
"H-862","H-91",34,NA,1,0.890118230447963,5.54963117250451
"H-863","H-92",34,NA,1,0.525365044118032,3.51693764411156
"H-864","H-93",34,NA,1,0.664785016190744,2.76270672421017
"H-865","H-94",34,NA,1,0.814329180489288,4.70256400894524
"H-866","H-95",34,NA,1,0.580044821691744,4.18777066106899
"H-867","H-96",34,NA,1,0.889181631547196,3.45004679731498
"H-868","H-99",34,NA,1,0.711109605247638,5.40533700752877
"H-869","H-1",35,NA,1,0.8123379227047,6.17974093156125
"H-87","H-27",24,NA,1,0.598884580320994,4.62382259854949
"H-870","H-100",35,NA,1,0.914989605242005,5.06213099243751
"H-871","H-102",35,NA,1,0.744769108341586,3.67348677710206
"H-872","H-103",35,NA,1,0.878941602260894,6.02330573291923
"H-873","H-105",35,NA,1,0.882336078505599,4.77416483912534
"H-874","H-106",35,NA,1,0.783642093401716,5.74610748717088
"H-875","H-107",35,NA,1,0.946605024391964,3.64151890312944
"H-876","H-108",35,NA,1,0.763564892567576,5.26299609950039
"H-877","H-11",35,NA,1,0.966354734065931,5.34199459298455
"H-878","H-110",35,NA,1,0.641167057917923,4.15046745048866
"H-879","H-111",35,NA,1,0.473948670307841,5.85590232988224
"H-88","H-28",24,NA,1,0.834789518294936,5.60609938079103
"H-880","H-112",35,NA,1,0.757584234201714,4.24629611969363
"H-881","H-113",35,NA,1,0.23475302108536,3.10384948373392
"H-882","H-114",35,NA,1,0.912018478251232,4.18013948777829
"H-883","H-12",35,NA,1,0.88567827740652,6.82908250605101
"H-884","H-120",35,NA,1,0.393625490400392,5.45206354650843
"H-885","H-121",35,NA,1,0.826101158457047,4.40052172328986
"H-886","H-122",35,NA,1,0.736851558203107,4.97070836259307
"H-887","H-125",35,NA,1,0.866694336530482,5.82891044813851
"H-888","H-126",35,NA,1,0.501590940286406,5.12384830512732
"H-889","H-128",35,NA,1,0.82171120482114,5.15195808301415
"H-89","H-3",24,NA,1,0.920630076879697,4.381061928338
"H-890","H-129",35,NA,1,0.857392769575694,5.26265552884478
"H-891","H-132",35,NA,1,0.515851653427093,4.10090737741086
"H-892","H-133",35,NA,1,0.846584775644146,5.82962108894053
"H-893","H-136",35,NA,1,0.743507026446224,4.75851796287374
"H-894","H-138",35,NA,1,0.883544829023416,6.2439131136176
"H-895","H-139",35,NA,1,0.569497710554084,4.17300393063515
"H-896","H-14",35,NA,1,0.774687326572137,6.52946555632586
"H-897","H-140",35,NA,1,0.626691879038553,5.95116299417934
"H-898","H-142",35,NA,1,0.909787618798606,3.3878944408622
"H-899","H-144",35,NA,1,0.741499056699079,5.90220567791191
"H-9","H-3",13,NA,1,0.529864150407687,6.16618198413574
"H-90","H-31",24,NA,1,0.766708620150535,5.07362137731053
"H-900","H-146",35,NA,1,0.463231999405993,6.16281980383041
"H-901","H-147",35,NA,1,0.654782182162373,4.6457355364732
"H-902","H-149",35,NA,1,0.740345073284571,4.17484870590404
"H-903","H-15",35,NA,1,0.676675904024261,2.6579980634078
"H-904","H-150",35,NA,1,0.842993175906052,3.92580004877933
"H-905","H-151",35,NA,1,0.91713492827515,5.77839956511224
"H-906","H-152",35,NA,1,0.731111761645172,4.45760079515899
"H-907","H-154",35,NA,1,0.605677885913518,4.88199609353248
"H-908","H-155",35,NA,1,0.858809055681288,3.77296339553086
"H-909","H-156",35,NA,1,0.698393590181276,4.60175835381644
"H-91","H-32",24,NA,1,0.801862772857104,6.79112940194506
"H-910","H-159",35,NA,1,0.662410020837003,5.54326953086527
"H-911","H-16",35,NA,1,0.746178755700168,4.52873467040166
"H-912","H-161",35,NA,1,0.551909143774828,6.1178163380067
"H-913","H-162",35,NA,1,0.7230174602082,5.67329253622691
"H-914","H-163",35,NA,1,0.769919171236246,4.75957816608029
"H-915","H-165",35,NA,1,0.666878104902274,5.44827435001671
"H-916","H-167",35,NA,1,0.860737469929115,5.65080350475158
"H-917","H-168",35,NA,1,0.9223569994008,4.40441392490136
"H-918","H-170",35,NA,1,0.834095081222297,4.7048505153244
"H-919","H-171",35,NA,1,0.675522361710369,5.21369870902845
"H-92","H-35",24,NA,1,0.904099395816198,5.20282202664893
"H-920","H-172",35,NA,1,0.813934650464416,6.03066824490521
"H-921","H-173",35,NA,1,0.614119414213185,6.52845790676681
"H-922","H-174",35,NA,1,0.82851087990356,4.48750792704808
"H-923","H-176",35,NA,1,0.904880812733307,4.38833086825266
"H-924","H-177",35,NA,1,0.750955399207105,4.46594416349978
"H-925","H-178",35,NA,1,0.720501718707528,6.38681047458266
"H-926","H-179",35,NA,1,0.469430315013607,4.21895455244153
"H-927","H-184",35,NA,1,0.706278350304755,3.92401641681163
"H-928","H-186",35,NA,1,0.684723051000872,4.04040391894679
"H-929","H-187",35,NA,1,0.586709718750417,6.40271869536161
"H-93","H-39",24,NA,1,0.816568914101172,5.56468760843961
"H-930","H-19",35,NA,1,0.63539289490424,4.20548928966348
"H-931","H-190",35,NA,1,0.647053346389122,5.30766618747884
"H-932","H-191",35,NA,1,0.77496861979691,5.38373438592926
"H-933","H-192",35,NA,1,0.798353826394571,5.23676914259351
"H-934","H-194",35,NA,1,0.366774689260692,4.31452319783559
"H-935","H-195",35,NA,1,0.582378398910931,7.1510695513615
"H-936","H-196",35,NA,1,0.574112702738638,5.37965380358581
"H-937","H-197",35,NA,1,0.674320373926156,4.47472628908611
"H-938","H-200",35,NA,1,0.553866730908274,4.26838243656677
"H-939","H-204",35,NA,1,0.43386749684821,4.57976705225642
"H-94","H-6",24,NA,1,0.629286177623641,5.50591468941018
"H-940","H-206",35,NA,1,0.726900377434327,5.36340803546193
"H-941","H-207",35,NA,1,0.814077318233633,4.74757293146393
"H-942","H-208",35,NA,1,0.308275363691413,4.39981967806056
"H-943","H-209",35,NA,1,0.588655482377101,4.2730586052777
"H-944","H-210",35,NA,1,0.623034240101309,5.05348982865879
"H-945","H-211",35,NA,1,0.754040204917231,6.48647207879063
"H-946","H-212",35,NA,1,0.608405736307511,5.3771357995831
"H-947","H-213",35,NA,1,0.468758080945196,3.94566313444247
"H-948","H-214",35,NA,1,0.448155105780543,3.92392734629072
"H-949","H-216",35,NA,1,0.733633932204805,4.56337221897981
"H-95","H-7",24,NA,1,0.870000992728156,4.81963068921519
"H-950","H-217",35,NA,1,0.707317277624281,4.98038302048354
"H-951","H-218",35,NA,1,0.897744272869723,4.86832139464781
"H-952","H-219",35,NA,1,0.897134403371861,4.5653263139878
"H-953","H-220",35,NA,1,0.680632966966744,4.81724996046348
"H-954","H-222",35,NA,1,0.810336217297658,3.87368042122332
"H-955","H-224",35,NA,1,0.580823755590816,5.83095023793318
"H-956","H-225",35,NA,1,0.680071824675132,4.1516588015106
"H-957","H-227",35,NA,1,0.707482756414968,4.83639880939372
"H-958","H-228",35,NA,1,0.687047910194776,4.68321964817305
"H-959","H-229",35,NA,1,0.62436731340953,5.39401888350958
"H-96","H-9",24,NA,1,0.705698608331766,3.5413363402009
"H-960","H-230",35,NA,1,0.779297842643516,4.53741752501806
"H-961","H-231",35,NA,1,0.631430375335479,6.29701436042743
"H-962","H-233",35,NA,1,0.788403342623176,5.31048569485804
"H-963","H-234",35,NA,1,0.526421044634982,6.33908623292009
"H-964","H-235",35,NA,1,0.701613047604546,4.74100067795926
"H-965","H-236",35,NA,1,0.74344969706506,6.06819933635502
"H-966","H-237",35,NA,1,0.95885397745303,5.3866402813804
"H-967","H-24",35,NA,1,0.553536635961257,4.49081610624068
"H-968","H-240",35,NA,1,0.819903347304951,4.86820169215354
"H-969","H-241",35,NA,1,0.511613251338492,5.47711633391098
"H-97","H-1",25,NA,1,0.805953966328348,2.92101390361791
"H-970","H-245",35,NA,1,0.94821453320867,4.39332739211909
"H-971","H-246",35,NA,1,0.974658526574146,6.58676223390842
"H-972","H-247",35,NA,1,0.651540394180017,6.33077354000874
"H-973","H-248",35,NA,1,0.422176054350582,4.87148020125287
"H-974","H-249",35,NA,1,0.470808321261594,6.45451350778274
"H-975","H-250",35,NA,1,0.656347844338197,4.47270133515659
"H-976","H-252",35,NA,1,0.728202169410903,5.30184061709839
"H-977","H-254",35,NA,1,0.490121905563265,3.94293915391476
"H-978","H-255",35,NA,1,0.822284541673344,6.75165039255991
"H-979","H-257",35,NA,1,0.931294982417433,6.35207094716632
"H-98","H-11",25,NA,1,0.364324219854994,3.49186281373721
"H-980","H-260",35,NA,1,0.56703997180398,6.07898023539191
"H-981","H-262",35,NA,1,0.480698489559719,4.54837208865985
"H-982","H-263",35,NA,1,0.410239867182984,5.91517880577385
"H-983","H-266",35,NA,1,0.625492961442856,4.28433670829028
"H-984","H-268",35,NA,1,0.626141168722299,4.40017526955292
"H-985","H-27",35,NA,1,0.520601770768171,5.43598184040455
"H-986","H-270",35,NA,1,0.59793692293283,5.09082002320177
"H-987","H-271",35,NA,1,0.978600653288274,5.19184971549971
"H-988","H-272",35,NA,1,0.508454194237015,7.35034248050403
"H-989","H-273",35,NA,1,0.46014876306923,4.22867439466951
"H-99","H-12",25,NA,1,0.361274218903994,6.45344714336317
"H-990","H-276",35,NA,1,0.67535459425446,4.68653692501804
"H-991","H-28",35,NA,1,0.888308418534422,5.12662233453832
"H-992","H-280",35,NA,1,0.657939599847085,6.03400317884787
"H-993","H-282",35,NA,1,0.722920533681943,5.19675207346334
"H-994","H-287",35,NA,1,0.842289177196345,5.27725254535332
"H-995","H-289",35,NA,1,0.697624907061634,6.02276499483643
"H-996","H-29",35,NA,1,0.784691481912183,5.78344619567573
"H-997","H-292",35,NA,1,0.793805044313173,7.11443044481801
"H-998","H-294",35,NA,1,0.455682823881328,4.22417509623421
"H-999","H-295",35,NA,1,0.522307227881617,5.94369614851084
